,MAE,S,R2,R2(adj),numdata,maxerr,burn_acc,run_acc
0,0.04238730527163804,0.03410374996098457,0.8956405963256245,0.8953894808565865,10000,0.24195514920944383,0.2888,0.28471
1,0.0338206547540044,0.028513874943103815,0.9321802937471726,0.9320179161583789,10050,0.39966578198706515,0.2809,0.28319
2,0.030255403171394163,0.028345056375239392,0.941063873214535,0.9409234655271366,10100,0.41225948141142543,0.2773,0.27874
3,0.030626407883273827,0.028323379334037536,0.9405776071208652,0.9404367401286586,10150,0.3139794384185415,0.2748,0.27748
4,0.02775780288191841,0.027657981611622206,0.9477253329123069,0.947602019366985,10200,0.3850284359759538,0.2725,0.27193
5,0.027055136902317783,0.027328087251653147,0.9506804605558804,0.9505646869891101,10250,0.4312397200253417,0.2758,0.27181
6,0.025248072844293,0.025035446747381923,0.9581459785795834,0.9580482078462672,10300,0.33656763894950337,0.2916,0.27143
7,0.02465703741765784,0.024309640156981262,0.9606205658092382,0.9605290212121267,10350,0.3175209769366014,0.2917,0.27642
8,0.02494463243713731,0.025750755181331478,0.9575812189516584,0.957483084119852,10400,0.3456907494708088,0.2859,0.27099
